{
  "module_name": "fan_effect",
  "system_name": "bm25",
  "conditions": {
    "fan_1": {
      "mrr": 1.0,
      "recall_at_1": 1.0,
      "mean_latency_ms": 0.31883440005913144,
      "n_queries": 20
    },
    "fan_10": {
      "mrr": 0.8638888888888889,
      "recall_at_1": 0.75,
      "mean_latency_ms": 0.08569310020902776,
      "n_queries": 60
    },
    "fan_2": {
      "mrr": 1.0,
      "recall_at_1": 1.0,
      "mean_latency_ms": 0.15065777520248957,
      "n_queries": 40
    },
    "fan_5": {
      "mrr": 0.9583333333333334,
      "recall_at_1": 0.9166666666666666,
      "mean_latency_ms": 0.1001554167487484,
      "n_queries": 60
    }
  },
  "effect_size": -0.9486832980505139,
  "direction": "human_like",
  "cognitive_alignment_score": 0.4871708245126285,
  "metadata": {
    "fan_sizes": [
      1,
      2,
      5,
      10
    ],
    "n_entities_per_fan": 20,
    "n_total_queries": 180,
    "n_total_documents": 360
  },
  "n_raw_queries": 180
}