{
  "module_name": "fan_effect",
  "system_name": "dense_minilm",
  "conditions": {
    "fan_1": {
      "mrr": 0.4459722222222221,
      "recall_at_1": 0.35,
      "mean_latency_ms": 3.636772049958381,
      "n_queries": 20
    },
    "fan_10": {
      "mrr": 0.19925264550264551,
      "recall_at_1": 0.06666666666666667,
      "mean_latency_ms": 3.6666709501029495,
      "n_queries": 60
    },
    "fan_2": {
      "mrr": 0.28829365079365077,
      "recall_at_1": 0.125,
      "mean_latency_ms": 3.8558636248581024,
      "n_queries": 40
    },
    "fan_5": {
      "mrr": 0.17272486772486773,
      "recall_at_1": 0.05,
      "mean_latency_ms": 3.8384571665422604,
      "n_queries": 60
    }
  },
  "effect_size": -0.7999999999999999,
  "direction": "human_like",
  "cognitive_alignment_score": 0.75,
  "metadata": {
    "fan_sizes": [
      1,
      2,
      5,
      10
    ],
    "n_entities_per_fan": 20,
    "n_total_queries": 180,
    "n_total_documents": 360
  },
  "n_raw_queries": 180
}