{
  "module_name": "fan_effect",
  "system_name": "dense_minilm",
  "conditions": {
    "fan_1": {
      "mrr": 0.4683928571428571,
      "recall_at_1": 0.3,
      "mean_latency_ms": 4.127260200220917,
      "n_queries": 20
    },
    "fan_10": {
      "mrr": 0.23097222222222225,
      "recall_at_1": 0.08333333333333333,
      "mean_latency_ms": 3.6393034834873106,
      "n_queries": 60
    },
    "fan_2": {
      "mrr": 0.26828373015873014,
      "recall_at_1": 0.125,
      "mean_latency_ms": 3.9799885998945683,
      "n_queries": 40
    },
    "fan_5": {
      "mrr": 0.1596957671957672,
      "recall_at_1": 0.06666666666666667,
      "mean_latency_ms": 3.691635600019557,
      "n_queries": 60
    }
  },
  "effect_size": -0.7999999999999999,
  "direction": "human_like",
  "cognitive_alignment_score": 0.44999999999999996,
  "metadata": {
    "fan_sizes": [
      1,
      2,
      5,
      10
    ],
    "n_entities_per_fan": 20,
    "n_total_queries": 180,
    "n_total_documents": 360
  },
  "n_raw_queries": 180
}