{
  "module_name": "fan_effect",
  "system_name": "bm25",
  "conditions": {
    "fan_1": {
      "mrr": 1.0,
      "recall_at_1": 1.0,
      "mean_latency_ms": 0.4408172001603816,
      "n_queries": 20
    },
    "fan_10": {
      "mrr": 0.8833333333333333,
      "recall_at_1": 0.7666666666666667,
      "mean_latency_ms": 0.07590328350488562,
      "n_queries": 60
    },
    "fan_2": {
      "mrr": 0.9875,
      "recall_at_1": 0.975,
      "mean_latency_ms": 0.193469375199129,
      "n_queries": 40
    },
    "fan_5": {
      "mrr": 0.9388888888888888,
      "recall_at_1": 0.8833333333333333,
      "mean_latency_ms": 0.11947076670063932,
      "n_queries": 60
    }
  },
  "effect_size": -1.0,
  "direction": "human_like",
  "cognitive_alignment_score": 0.5,
  "metadata": {
    "fan_sizes": [
      1,
      2,
      5,
      10
    ],
    "n_entities_per_fan": 20,
    "n_total_queries": 180,
    "n_total_documents": 360
  },
  "n_raw_queries": 180
}